Sensor,Distance,Reading,,,,,,,,,,,,,,,,,,,,,,,,,
DN1,8.7,1784,,,,,,,,,,,,,,,,,,,,,,,,,
DN1,8.7,1788,,,,,,,,,,,,,,,,,,,,,,,,,
DN1,8.7,1784,,,,,,,,,,,,,,,,,,,,,,,,,
DN1,8.7,1796,,,,,,,,,,,,,,,,,,,,,,,,,
DN1,8.7,1788,,,,,,,,,,,,,,,,,,,,,,,,,
DN1,8.7,1792,,,,,,,,,,,,,,,,,,,,,,,,,
DN1,8.7,1792,,,,,,,,,,,,,,,,,,,,,,,,,
DN1,8.7,1784,,,,,,,,,,,,,,,,,,,,,,,,,
DN1,8.7,1788,,,,,,,,,,,,,,,,,,,,,,,,,
DN1,8.7,1788,,,,,,,,,,,,,,,,,,,,,,,,,
DN1,10.0,1848,,,,,,,,,,,,,,,,,,,,,,,,,
DN1,10.0,1860,,,,,,,,,,,,,,,,,,,,,,,,,
DN1,10.0,1860,,,,,,,,,,,,,,,,,,,,,,,,,
DN1,10.0,1860,,,,,,,,,,,,,,,,,,,,,,,,,
DN1,10.0,1860,,,,,,,,,,,,,,,,,,,,,,,,,
DN1,10.0,1856,,,,,,,,,,,,,,,,,,,,,,,,,
DN1,10.0,1856,,,,,,,,,,,,,,,,,,,,,,,,,
DN1,10.0,1860,,,,,,,,,,,,,,,,,,,,,,,,,
DN1,10.0,1860,,,,,,,,,,,,,,,,,,,,,,,,,
DN1,10.0,1860,,,,,,,,,,,,,,,,,,,,,,,,,
DN1,11,1940,,,,,,,,,,,,,,,,,,,,,,,,,
DN1,11,1944,,,,,,,,,,,,,,,,,,,,,,,,,
DN1,11,1944,,,,,,,,,,,,,,,,,,,,,,,,,
DN1,11,1940,,,,,,,,,,,,,,,,,,,,,,,,,
DN1,11,1936,,,,,,,,,,,,,,,,,,,,,,,,,
DN1,11,1944,,,,,,,,,,,,,,,,,,,,,,,,,
DN1,11,1940,,,,,,,,,,,,,,,,,,,,,,,,,
DN1,11,1940,,,,,,,,,,,,,,,,,,,,,,,,,
DN1,11,1944,,,,,,,,,,,,,,,,,,,,,,,,,
DN1,11,1944,,,,,,,,,,,,,,,,,,,,,,,,,
DN1,12,1972,,,,,,,,,,,,,,,,,,,,,,,,,
DN1,12,1972,,,,,,,,,,,,,,,,,,,,,,,,,
DN1,12,1972,,,,,,,,,,,,,,,,,,,,,,,,,
DN1,12,1928,,,,,,,,,,,,,,,,,,,,,,,,,
DN1,12,1972,,,,,,,,,,,,,,,,,,,,,,,,,
DN1,12,1928,,,,,,,,,,,,,,,,,,,,,,,,,
DN1,12,1932,,,,,,,,,,,,,,,,,,,,,,,,,
DN1,12,1976,,,,,,,,,,,,,,,,,,,,,,,,,
DN1,12,1976,,,,,,,,,,,,,,,,,,,,,,,,,
DN1,12,1976,,,,,,,,,,,,,,,,,,,,,,,,,
DN1,13,1968,,,,,,,,,,,,,,,,,,,,,,,,,
DN1,13,1972,,,,,,,,,,,,,,,,,,,,,,,,,
DN1,13,1968,,,,,,,,,,,,,,,,,,,,,,,,,
DN1,13,1968,,,,,,,,,,,,,,,,,,,,,,,,,
DN1,13,1972,,,,,,,,,,,,,,,,,,,,,,,,,
DN1,13,1968,,,,,,,,,,,,,,,,,,,,,,,,,
DN1,13,1960,,,,,,,,,,,,,,,,,,,,,,,,,
DN1,13,1960,,,,,,,,,,,,,,,,,,,,,,,,,
DN1,13,1968,,,,,,,,,,,,,,,,,,,,,,,,,
DN1,13,1972,,,,,,,,,,,,,,,,,,,,,,,,,
DN1,14,2004,,,,,,,,,,,,,,,,,,,,,,,,,
DN1,14,2004,,,,,,,,,,,,,,,,,,,,,,,,,
DN1,14,2004,,,,,,,,,,,,,,,,,,,,,,,,,
DN1,14,2004,,,,,,,,,,,,,,,,,,,,,,,,,
DN1,14,2000,,,,,,,,,,,,,,,,,,,,,,,,,
DN1,14,2004,,,,,,,,,,,,,,,,,,,,,,,,,
DN1,14,2008,,,,,,,,,,,,,,,,,,,,,,,,,
DN1,14,2008,,,,,,,,,,,,,,,,,,,,,,,,,
DN1,14,2000,,,,,,,,,,,,,,,,,,,,,,,,,
DN1,14,2008,,,,,,,,,,,,,,,,,,,,,,,,,
DN1,15,2004,,,,,,,,,,,,,,,,,,,,,,,,,
DN1,15,2004,,,,,,,,,,,,,,,,,,,,,,,,,
DN1,15,2004,,,,,,,,,,,,,,,,,,,,,,,,,
DN1,15,2004,,,,,,,,,,,,,,,,,,,,,,,,,
DN1,15,2004,,,,,,,,,,,,,,,,,,,,,,,,,
DN1,15,2004,,,,,,,,,,,,,,,,,,,,,,,,,
DN1,15,2004,,,,,,,,,,,,,,,,,,,,,,,,,
DN1,15,2004,,,,,,,,,,,,,,,,,,,,,,,,,
DN1,15,2004,,,,,,,,,,,,,,,,,,,,,,,,,
DN1,15,2004,,,,,,,,,,,,,,,,,,,,,,,,,
DN1,16,2004,,,,,,,,,,,,,,,,,,,,,,,,,
DN1,16,1996,,,,,,,,,,,,,,,,,,,,,,,,,
DN1,16,2004,,,,,,,,,,,,,,,,,,,,,,,,,
DN1,16,1996,,,,,,,,,,,,,,,,,,,,,,,,,
DN1,16,2004,,,,,,,,,,,,,,,,,,,,,,,,,
DN1,16,2004,,,,,,,,,,,,,,,,,,,,,,,,,
DN1,16,1996,,,,,,,,,,,,,,,,,,,,,,,,,
DN1,16,2004,,,,,,,,,,,,,,,,,,,,,,,,,
DN1,16,1996,,,,,,,,,,,,,,,,,,,,,,,,,
DN1,16,2004,,,,,,,,,,,,,,,,,,,,,,,,,
DN1,17,1996,,,,,,,,,,,,,,,,,,,,,,,,,
DN1,17,2048,,,,,,,,,,,,,,,,,,,,,,,,,
DN1,17,1996,,,,,,,,,,,,,,,,,,,,,,,,,
DN1,17,1992,,,,,,,,,,,,,,,,,,,,,,,,,
DN1,17,1992,,,,,,,,,,,,,,,,,,,,,,,,,
DN1,17,2052,,,,,,,,,,,,,,,,,,,,,,,,,
DN1,17,1996,,,,,,,,,,,,,,,,,,,,,,,,,
DN1,17,2000,,,,,,,,,,,,,,,,,,,,,,,,,
DN1,17,2048,,,,,,,,,,,,,,,,,,,,,,,,,
DN1,17,1996,,,,,,,,,,,,,,,,,,,,,,,,,
DN1,18,1996,,,,,,,,,,,,,,,,,,,,,,,,,
DN1,18,1996,,,,,,,,,,,,,,,,,,,,,,,,,
DN1,18,2048,,,,,,,,,,,,,,,,,,,,,,,,,
DN1,18,1996,,,,,,,,,,,,,,,,,,,,,,,,,
DN1,18,2048,,,,,,,,,,,,,,,,,,,,,,,,,
DN1,18,1996,,,,,,,,,,,,,,,,,,,,,,,,,
DN1,18,1996,,,,,,,,,,,,,,,,,,,,,,,,,
DN1,18,2048,,,,,,,,,,,,,,,,,,,,,,,,,
DN1,18,2048,,,,,,,,,,,,,,,,,,,,,,,,,
DN1,18,1992,,,,,,,,,,,,,,,,,,,,,,,,,
DN1,19,2048,,,,,,,,,,,,,,,,,,,,,,,,,
DN1,19,2048,,,,,,,,,,,,,,,,,,,,,,,,,
DN1,19,2048,,,,,,,,,,,,,,,,,,,,,,,,,
DN1,19,1996,,,,,,,,,,,,,,,,,,,,,,,,,
DN1,19,2048,,,,,,,,,,,,,,,,,,,,,,,,,
DN1,19,1996,,,,,,,,,,,,,,,,,,,,,,,,,
DN1,19,2048,,,,,,,,,,,,,,,,,,,,,,,,,
DN1,19,1996,,,,,,,,,,,,,,,,,,,,,,,,,
DN1,19,2048,,,,,,,,,,,,,,,,,,,,,,,,,
DN1,19,1996,,,,,,,,,,,,,,,,,,,,,,,,,
DN1,20,2040,,,,,,,,,,,,,,,,,,,,,,,,,
DN1,20,2040,,,,,,,,,,,,,,,,,,,,,,,,,
DN1,20,2040,,,,,,,,,,,,,,,,,,,,,,,,,
DN1,20,2040,,,,,,,,,,,,,,,,,,,,,,,,,
DN1,20,2040,,,,,,,,,,,,,,,,,,,,,,,,,
DN1,20,2040,,,,,,,,,,,,,,,,,,,,,,,,,
DN1,20,2040,,,,,,,,,,,,,,,,,,,,,,,,,
DN1,20,2040,,,,,,,,,,,,,,,,,,,,,,,,,
DN1,20,2040,,,,,,,,,,,,,,,,,,,,,,,,,
DN1,20,2040,,,,,,,,,,,,,,,,,,,,,,,,,
DN1,22.5,2048,,,,,,,,,,,,,,,,,,,,,,,,,
DN1,22.5,2044,,,,,,,,,,,,,,,,,,,,,,,,,
DN1,22.5,2036,,,,,,,,,,,,,,,,,,,,,,,,,
DN1,22.5,2040,,,,,,,,,,,,,,,,,,,,,,,,,
DN1,22.5,2040,,,,,,,,,,,,,,,,,,,,,,,,,
DN1,22.5,2040,,,,,,,,,,,,,,,,,,,,,,,,,
DN1,22.5,2040,,,,,,,,,,,,,,,,,,,,,,,,,
DN1,22.5,2040,,,,,,,,,,,,,,,,,,,,,,,,,
DN1,22.5,2040,,,,,,,,,,,,,,,,,,,,,,,,,
DN1,22.5,2040,,,,,,,,,,,,,,,,,,,,,,,,,
DN1,25,2032,,,,,,,,,,,,,,,,,,,,,,,,,
DN1,25,2044,,,,,,,,,,,,,,,,,,,,,,,,,
DN1,25,2040,,,,,,,,,,,,,,,,,,,,,,,,,
DN1,25,2040,,,,,,,,,,,,,,,,,,,,,,,,,
DN1,25,2040,,,,,,,,,,,,,,,,,,,,,,,,,
DN1,25,2040,,,,,,,,,,,,,,,,,,,,,,,,,
DN1,25,2036,,,,,,,,,,,,,,,,,,,,,,,,,
DN1,25,2040,,,,,,,,,,,,,,,,,,,,,,,,,
DN1,25,2040,,,,,,,,,,,,,,,,,,,,,,,,,
DN1,25,2036,,,,,,,,,,,,,,,,,,,,,,,,,
DN1,30,2048,,,,,,,,,,,,,,,,,,,,,,,,,
DN1,30,2040,,,,,,,,,,,,,,,,,,,,,,,,,
DN1,30,2040,,,,,,,,,,,,,,,,,,,,,,,,,
DN1,30,2036,,,,,,,,,,,,,,,,,,,,,,,,,
DN1,30,2040,,,,,,,,,,,,,,,,,,,,,,,,,
DN1,30,2040,,,,,,,,,,,,,,,,,,,,,,,,,
DN1,30,2036,,,,,,,,,,,,,,,,,,,,,,,,,
DN1,30,2040,,,,,,,,,,,,,,,,,,,,,,,,,
DN1,30,2040,,,,,,,,,,,,,,,,,,,,,,,,,
DN1,30,2040,,,,,,,,,,,,,,,,,,,,,,,,,
DN5,8.7,2088,,,,,,,,,,,,,,,,,,,,,,,,,
DN5,8.7,2092,,,,,,,,,,,,,,,,,,,,,,,,,
DN5,8.7,2084,,,,,,,,,,,,,,,,,,,,,,,,,
DN5,8.7,2088,,,,,,,,,,,,,,,,,,,,,,,,,
DN5,8.7,2092,,,,,,,,,,,,,,,,,,,,,,,,,
DN5,8.7,2092,,,,,,,,,,,,,,,,,,,,,,,,,
DN5,8.7,2092,,,,,,,,,,,,,,,,,,,,,,,,,
DN5,8.7,2084,,,,,,,,,,,,,,,,,,,,,,,,,
DN5,8.7,2088,,,,,,,,,,,,,,,,,,,,,,,,,
DN5,8.7,2096,,,,,,,,,,,,,,,,,,,,,,,,,
DN5,10.0,2204,,,,,,,,,,,,,,,,,,,,,,,,,
DN5,10.0,2208,,,,,,,,,,,,,,,,,,,,,,,,,
DN5,10.0,2208,,,,,,,,,,,,,,,,,,,,,,,,,
DN5,10.0,2208,,,,,,,,,,,,,,,,,,,,,,,,,
DN5,10.0,2208,,,,,,,,,,,,,,,,,,,,,,,,,
DN5,10.0,2204,,,,,,,,,,,,,,,,,,,,,,,,,
DN5,10.0,2204,,,,,,,,,,,,,,,,,,,,,,,,,
DN5,10.0,2212,,,,,,,,,,,,,,,,,,,,,,,,,
DN5,10.0,2216,,,,,,,,,,,,,,,,,,,,,,,,,
DN5,10.0,2212,,,,,,,,,,,,,,,,,,,,,,,,,
DN5,11,2284,,,,,,,,,,,,,,,,,,,,,,,,,
DN5,11,2284,,,,,,,,,,,,,,,,,,,,,,,,,
DN5,11,2284,,,,,,,,,,,,,,,,,,,,,,,,,
DN5,11,2288,,,,,,,,,,,,,,,,,,,,,,,,,
DN5,11,2292,,,,,,,,,,,,,,,,,,,,,,,,,
DN5,11,2240,,,,,,,,,,,,,,,,,,,,,,,,,
DN5,11,2288,,,,,,,,,,,,,,,,,,,,,,,,,
DN5,11,2284,,,,,,,,,,,,,,,,,,,,,,,,,
DN5,11,2284,,,,,,,,,,,,,,,,,,,,,,,,,
DN5,11,2284,,,,,,,,,,,,,,,,,,,,,,,,,
DN5,12,2312,,,,,,,,,,,,,,,,,,,,,,,,,
DN5,12,2312,,,,,,,,,,,,,,,,,,,,,,,,,
DN5,12,2312,,,,,,,,,,,,,,,,,,,,,,,,,
DN5,12,2316,,,,,,,,,,,,,,,,,,,,,,,,,
DN5,12,2312,,,,,,,,,,,,,,,,,,,,,,,,,
DN5,12,2324,,,,,,,,,,,,,,,,,,,,,,,,,
DN5,12,2324,,,,,,,,,,,,,,,,,,,,,,,,,
DN5,12,2324,,,,,,,,,,,,,,,,,,,,,,,,,
DN5,12,2320,,,,,,,,,,,,,,,,,,,,,,,,,
DN5,12,2320,,,,,,,,,,,,,,,,,,,,,,,,,
DN5,13,2316,,,,,,,,,,,,,,,,,,,,,,,,,
DN5,13,2360,,,,,,,,,,,,,,,,,,,,,,,,,
DN5,13,2360,,,,,,,,,,,,,,,,,,,,,,,,,
DN5,13,2308,,,,,,,,,,,,,,,,,,,,,,,,,
DN5,13,2312,,,,,,,,,,,,,,,,,,,,,,,,,
DN5,13,2312,,,,,,,,,,,,,,,,,,,,,,,,,
DN5,13,2304,,,,,,,,,,,,,,,,,,,,,,,,,
DN5,13,2352,,,,,,,,,,,,,,,,,,,,,,,,,
DN5,13,2360,,,,,,,,,,,,,,,,,,,,,,,,,
DN5,13,2320,,,,,,,,,,,,,,,,,,,,,,,,,
DN5,14,2352,,,,,,,,,,,,,,,,,,,,,,,,,
DN5,14,2352,,,,,,,,,,,,,,,,,,,,,,,,,
DN5,14,2356,,,,,,,,,,,,,,,,,,,,,,,,,
DN5,14,2356,,,,,,,,,,,,,,,,,,,,,,,,,
DN5,14,2352,,,,,,,,,,,,,,,,,,,,,,,,,
DN5,14,2356,,,,,,,,,,,,,,,,,,,,,,,,,
DN5,14,2352,,,,,,,,,,,,,,,,,,,,,,,,,
DN5,14,2352,,,,,,,,,,,,,,,,,,,,,,,,,
DN5,14,2344,,,,,,,,,,,,,,,,,,,,,,,,,
DN5,14,2352,,,,,,,,,,,,,,,,,,,,,,,,,
DN5,15,2344,,,,,,,,,,,,,,,,,,,,,,,,,
DN5,15,2352,,,,,,,,,,,,,,,,,,,,,,,,,
DN5,15,2352,,,,,,,,,,,,,,,,,,,,,,,,,
DN5,15,2352,,,,,,,,,,,,,,,,,,,,,,,,,
DN5,15,2352,,,,,,,,,,,,,,,,,,,,,,,,,
DN5,15,2348,,,,,,,,,,,,,,,,,,,,,,,,,
DN5,15,2348,,,,,,,,,,,,,,,,,,,,,,,,,
DN5,15,2348,,,,,,,,,,,,,,,,,,,,,,,,,
DN5,15,2348,,,,,,,,,,,,,,,,,,,,,,,,,
DN5,15,2348,,,,,,,,,,,,,,,,,,,,,,,,,
DN5,16,2400,,,,,,,,,,,,,,,,,,,,,,,,,
DN5,16,2392,,,,,,,,,,,,,,,,,,,,,,,,,
DN5,16,2396,,,,,,,,,,,,,,,,,,,,,,,,,
DN5,16,2392,,,,,,,,,,,,,,,,,,,,,,,,,
DN5,16,2396,,,,,,,,,,,,,,,,,,,,,,,,,
DN5,16,2392,,,,,,,,,,,,,,,,,,,,,,,,,
DN5,16,2392,,,,,,,,,,,,,,,,,,,,,,,,,
DN5,16,2396,,,,,,,,,,,,,,,,,,,,,,,,,
DN5,16,2400,,,,,,,,,,,,,,,,,,,,,,,,,
DN5,16,2400,,,,,,,,,,,,,,,,,,,,,,,,,
DN5,17,2392,,,,,,,,,,,,,,,,,,,,,,,,,
DN5,17,2392,,,,,,,,,,,,,,,,,,,,,,,,,
DN5,17,2396,,,,,,,,,,,,,,,,,,,,,,,,,
DN5,17,2392,,,,,,,,,,,,,,,,,,,,,,,,,
DN5,17,2392,,,,,,,,,,,,,,,,,,,,,,,,,
DN5,17,2396,,,,,,,,,,,,,,,,,,,,,,,,,
DN5,17,2392,,,,,,,,,,,,,,,,,,,,,,,,,
DN5,17,2392,,,,,,,,,,,,,,,,,,,,,,,,,
DN5,17,2392,,,,,,,,,,,,,,,,,,,,,,,,,
DN5,17,2392,,,,,,,,,,,,,,,,,,,,,,,,,
DN5,18,2396,,,,,,,,,,,,,,,,,,,,,,,,,
DN5,18,2396,,,,,,,,,,,,,,,,,,,,,,,,,
DN5,18,2396,,,,,,,,,,,,,,,,,,,,,,,,,
DN5,18,2396,,,,,,,,,,,,,,,,,,,,,,,,,
DN5,18,2388,,,,,,,,,,,,,,,,,,,,,,,,,
DN5,18,2392,,,,,,,,,,,,,,,,,,,,,,,,,
DN5,18,2392,,,,,,,,,,,,,,,,,,,,,,,,,
DN5,18,2388,,,,,,,,,,,,,,,,,,,,,,,,,
DN5,18,2388,,,,,,,,,,,,,,,,,,,,,,,,,
DN5,18,2388,,,,,,,,,,,,,,,,,,,,,,,,,
DN5,19,2396,,,,,,,,,,,,,,,,,,,,,,,,,
DN5,19,2388,,,,,,,,,,,,,,,,,,,,,,,,,
DN5,19,2388,,,,,,,,,,,,,,,,,,,,,,,,,
DN5,19,2392,,,,,,,,,,,,,,,,,,,,,,,,,
DN5,19,2388,,,,,,,,,,,,,,,,,,,,,,,,,
DN5,19,2392,,,,,,,,,,,,,,,,,,,,,,,,,
DN5,19,2392,,,,,,,,,,,,,,,,,,,,,,,,,
DN5,19,2392,,,,,,,,,,,,,,,,,,,,,,,,,
DN5,19,2396,,,,,,,,,,,,,,,,,,,,,,,,,
DN5,19,2396,,,,,,,,,,,,,,,,,,,,,,,,,
DN5,20,2388,,,,,,,,,,,,,,,,,,,,,,,,,
DN5,20,2388,,,,,,,,,,,,,,,,,,,,,,,,,
DN5,20,2388,,,,,,,,,,,,,,,,,,,,,,,,,
DN5,20,2392,,,,,,,,,,,,,,,,,,,,,,,,,
DN5,20,2392,,,,,,,,,,,,,,,,,,,,,,,,,
DN5,20,2392,,,,,,,,,,,,,,,,,,,,,,,,,
DN5,20,2388,,,,,,,,,,,,,,,,,,,,,,,,,
DN5,20,2388,,,,,,,,,,,,,,,,,,,,,,,,,
DN5,20,2388,,,,,,,,,,,,,,,,,,,,,,,,,
DN5,20,2388,,,,,,,,,,,,,,,,,,,,,,,,,
DN5,22.5,2392,,,,,,,,,,,,,,,,,,,,,,,,,
DN5,22.5,2392,,,,,,,,,,,,,,,,,,,,,,,,,
DN5,22.5,2384,,,,,,,,,,,,,,,,,,,,,,,,,
DN5,22.5,2388,,,,,,,,,,,,,,,,,,,,,,,,,
DN5,22.5,2388,,,,,,,,,,,,,,,,,,,,,,,,,
DN5,22.5,2388,,,,,,,,,,,,,,,,,,,,,,,,,
DN5,22.5,2388,,,,,,,,,,,,,,,,,,,,,,,,,
DN5,22.5,2396,,,,,,,,,,,,,,,,,,,,,,,,,
DN5,22.5,2392,,,,,,,,,,,,,,,,,,,,,,,,,
DN5,22.5,2392,,,,,,,,,,,,,,,,,,,,,,,,,
DN5,25,2380,,,,,,,,,,,,,,,,,,,,,,,,,
DN5,25,2388,,,,,,,,,,,,,,,,,,,,,,,,,
DN5,25,2388,,,,,,,,,,,,,,,,,,,,,,,,,
DN5,25,2392,,,,,,,,,,,,,,,,,,,,,,,,,
DN5,25,2392,,,,,,,,,,,,,,,,,,,,,,,,,
DN5,25,2392,,,,,,,,,,,,,,,,,,,,,,,,,
DN5,25,2384,,,,,,,,,,,,,,,,,,,,,,,,,
DN5,25,2388,,,,,,,,,,,,,,,,,,,,,,,,,
DN5,25,2388,,,,,,,,,,,,,,,,,,,,,,,,,
DN5,25,2384,,,,,,,,,,,,,,,,,,,,,,,,,
DN5,30,2440,,,,,,,,,,,,,,,,,,,,,,,,,
DN5,30,2432,,,,,,,,,,,,,,,,,,,,,,,,,
DN5,30,2432,,,,,,,,,,,,,,,,,,,,,,,,,
DN5,30,2428,,,,,,,,,,,,,,,,,,,,,,,,,
DN5,30,2432,,,,,,,,,,,,,,,,,,,,,,,,,
DN5,30,2432,,,,,,,,,,,,,,,,,,,,,,,,,
DN5,30,2432,,,,,,,,,,,,,,,,,,,,,,,,,
DN5,30,2440,,,,,,,,,,,,,,,,,,,,,,,,,
DN5,30,2436,,,,,,,,,,,,,,,,,,,,,,,,,
DN5,30,2440,,,,,,,,,,,,,,,,,,,,,,,,,
DN2,8.7,932,,,,,,,,,,,,,,,,,,,,,,,,,
DN2,8.7,980,,,,,,,,,,,,,,,,,,,,,,,,,
DN2,8.7,976,,,,,,,,,,,,,,,,,,,,,,,,,
DN2,8.7,932,,,,,,,,,,,,,,,,,,,,,,,,,
DN2,8.7,936,,,,,,,,,,,,,,,,,,,,,,,,,
DN2,8.7,980,,,,,,,,,,,,,,,,,,,,,,,,,
DN2,8.7,976,,,,,,,,,,,,,,,,,,,,,,,,,
DN2,8.7,976,,,,,,,,,,,,,,,,,,,,,,,,,
DN2,8.7,976,,,,,,,,,,,,,,,,,,,,,,,,,
DN2,8.7,976,,,,,,,,,,,,,,,,,,,,,,,,,
DN2,10.0,1324,,,,,,,,,,,,,,,,,,,,,,,,,
DN2,10.0,1288,,,,,,,,,,,,,,,,,,,,,,,,,
DN2,10.0,1284,,,,,,,,,,,,,,,,,,,,,,,,,
DN2,10.0,1288,,,,,,,,,,,,,,,,,,,,,,,,,
DN2,10.0,1284,,,,,,,,,,,,,,,,,,,,,,,,,
DN2,10.0,1280,,,,,,,,,,,,,,,,,,,,,,,,,
DN2,10.0,1280,,,,,,,,,,,,,,,,,,,,,,,,,
DN2,10.0,1288,,,,,,,,,,,,,,,,,,,,,,,,,
DN2,10.0,1292,,,,,,,,,,,,,,,,,,,,,,,,,
DN2,10.0,1292,,,,,,,,,,,,,,,,,,,,,,,,,
DN2,11,1548,,,,,,,,,,,,,,,,,,,,,,,,,
DN2,11,1556,,,,,,,,,,,,,,,,,,,,,,,,,
DN2,11,1552,,,,,,,,,,,,,,,,,,,,,,,,,
DN2,11,1552,,,,,,,,,,,,,,,,,,,,,,,,,
DN2,11,1508,,,,,,,,,,,,,,,,,,,,,,,,,
DN2,11,1508,,,,,,,,,,,,,,,,,,,,,,,,,
DN2,11,1552,,,,,,,,,,,,,,,,,,,,,,,,,
DN2,11,1548,,,,,,,,,,,,,,,,,,,,,,,,,
DN2,11,1548,,,,,,,,,,,,,,,,,,,,,,,,,
DN2,11,1548,,,,,,,,,,,,,,,,,,,,,,,,,
DN2,12,1724,,,,,,,,,,,,,,,,,,,,,,,,,
DN2,12,1724,,,,,,,,,,,,,,,,,,,,,,,,,
DN2,12,1724,,,,,,,,,,,,,,,,,,,,,,,,,
DN2,12,1728,,,,,,,,,,,,,,,,,,,,,,,,,
DN2,12,1724,,,,,,,,,,,,,,,,,,,,,,,,,
DN2,12,1728,,,,,,,,,,,,,,,,,,,,,,,,,
DN2,12,1728,,,,,,,,,,,,,,,,,,,,,,,,,
DN2,12,1728,,,,,,,,,,,,,,,,,,,,,,,,,
DN2,12,1724,,,,,,,,,,,,,,,,,,,,,,,,,
DN2,12,1724,,,,,,,,,,,,,,,,,,,,,,,,,
DN2,13,1816,,,,,,,,,,,,,,,,,,,,,,,,,
DN2,13,1812,,,,,,,,,,,,,,,,,,,,,,,,,
DN2,13,1816,,,,,,,,,,,,,,,,,,,,,,,,,
DN2,13,1812,,,,,,,,,,,,,,,,,,,,,,,,,
DN2,13,1816,,,,,,,,,,,,,,,,,,,,,,,,,
DN2,13,1816,,,,,,,,,,,,,,,,,,,,,,,,,
DN2,13,1812,,,,,,,,,,,,,,,,,,,,,,,,,
DN2,13,1812,,,,,,,,,,,,,,,,,,,,,,,,,
DN2,13,1812,,,,,,,,,,,,,,,,,,,,,,,,,
DN2,13,1816,,,,,,,,,,,,,,,,,,,,,,,,,
DN2,14,1908,,,,,,,,,,,,,,,,,,,,,,,,,
DN2,14,1904,,,,,,,,,,,,,,,,,,,,,,,,,
DN2,14,1904,,,,,,,,,,,,,,,,,,,,,,,,,
DN2,14,1904,,,,,,,,,,,,,,,,,,,,,,,,,
DN2,14,1900,,,,,,,,,,,,,,,,,,,,,,,,,
DN2,14,1904,,,,,,,,,,,,,,,,,,,,,,,,,
DN2,14,1900,,,,,,,,,,,,,,,,,,,,,,,,,
DN2,14,1912,,,,,,,,,,,,,,,,,,,,,,,,,
DN2,14,1904,,,,,,,,,,,,,,,,,,,,,,,,,
DN2,14,1912,,,,,,,,,,,,,,,,,,,,,,,,,
DN2,15,1948,,,,,,,,,,,,,,,,,,,,,,,,,
DN2,15,1952,,,,,,,,,,,,,,,,,,,,,,,,,
DN2,15,1908,,,,,,,,,,,,,,,,,,,,,,,,,
DN2,15,1952,,,,,,,,,,,,,,,,,,,,,,,,,
DN2,15,1952,,,,,,,,,,,,,,,,,,,,,,,,,
DN2,15,1948,,,,,,,,,,,,,,,,,,,,,,,,,
DN2,15,1956,,,,,,,,,,,,,,,,,,,,,,,,,
DN2,15,1952,,,,,,,,,,,,,,,,,,,,,,,,,
DN2,15,1952,,,,,,,,,,,,,,,,,,,,,,,,,
DN2,15,1908,,,,,,,,,,,,,,,,,,,,,,,,,
DN2,16,1944,,,,,,,,,,,,,,,,,,,,,,,,,
DN2,16,1996,,,,,,,,,,,,,,,,,,,,,,,,,
DN2,16,1952,,,,,,,,,,,,,,,,,,,,,,,,,
DN2,16,1996,,,,,,,,,,,,,,,,,,,,,,,,,
DN2,16,1952,,,,,,,,,,,,,,,,,,,,,,,,,
DN2,16,1952,,,,,,,,,,,,,,,,,,,,,,,,,
DN2,16,1996,,,,,,,,,,,,,,,,,,,,,,,,,
DN2,16,1952,,,,,,,,,,,,,,,,,,,,,,,,,
DN2,16,1996,,,,,,,,,,,,,,,,,,,,,,,,,
DN2,16,1952,,,,,,,,,,,,,,,,,,,,,,,,,
DN2,17,1996,,,,,,,,,,,,,,,,,,,,,,,,,
DN2,17,1996,,,,,,,,,,,,,,,,,,,,,,,,,
DN2,17,1996,,,,,,,,,,,,,,,,,,,,,,,,,
DN2,17,1992,,,,,,,,,,,,,,,,,,,,,,,,,
DN2,17,1992,,,,,,,,,,,,,,,,,,,,,,,,,
DN2,17,1996,,,,,,,,,,,,,,,,,,,,,,,,,
DN2,17,1996,,,,,,,,,,,,,,,,,,,,,,,,,
DN2,17,2000,,,,,,,,,,,,,,,,,,,,,,,,,
DN2,17,2000,,,,,,,,,,,,,,,,,,,,,,,,,
DN2,17,1996,,,,,,,,,,,,,,,,,,,,,,,,,
DN2,18,1996,,,,,,,,,,,,,,,,,,,,,,,,,
DN2,18,1996,,,,,,,,,,,,,,,,,,,,,,,,,
DN2,18,1996,,,,,,,,,,,,,,,,,,,,,,,,,
DN2,18,1996,,,,,,,,,,,,,,,,,,,,,,,,,
DN2,18,1996,,,,,,,,,,,,,,,,,,,,,,,,,
DN2,18,1996,,,,,,,,,,,,,,,,,,,,,,,,,
DN2,18,1996,,,,,,,,,,,,,,,,,,,,,,,,,
DN2,18,1996,,,,,,,,,,,,,,,,,,,,,,,,,
DN2,18,1996,,,,,,,,,,,,,,,,,,,,,,,,,
DN2,18,1992,,,,,,,,,,,,,,,,,,,,,,,,,
DN2,19,1996,,,,,,,,,,,,,,,,,,,,,,,,,
DN2,19,1996,,,,,,,,,,,,,,,,,,,,,,,,,
DN2,19,1996,,,,,,,,,,,,,,,,,,,,,,,,,
DN2,19,1996,,,,,,,,,,,,,,,,,,,,,,,,,
DN2,19,1996,,,,,,,,,,,,,,,,,,,,,,,,,
DN2,19,1996,,,,,,,,,,,,,,,,,,,,,,,,,
DN2,19,1996,,,,,,,,,,,,,,,,,,,,,,,,,
DN2,19,1996,,,,,,,,,,,,,,,,,,,,,,,,,
DN2,19,1996,,,,,,,,,,,,,,,,,,,,,,,,,
DN2,19,1996,,,,,,,,,,,,,,,,,,,,,,,,,
DN2,20,2040,,,,,,,,,,,,,,,,,,,,,,,,,
DN2,20,2040,,,,,,,,,,,,,,,,,,,,,,,,,
DN2,20,2040,,,,,,,,,,,,,,,,,,,,,,,,,
DN2,20,2040,,,,,,,,,,,,,,,,,,,,,,,,,
DN2,20,2040,,,,,,,,,,,,,,,,,,,,,,,,,
DN2,20,2040,,,,,,,,,,,,,,,,,,,,,,,,,
DN2,20,2040,,,,,,,,,,,,,,,,,,,,,,,,,
DN2,20,2040,,,,,,,,,,,,,,,,,,,,,,,,,
DN2,20,2040,,,,,,,,,,,,,,,,,,,,,,,,,
DN2,20,2040,,,,,,,,,,,,,,,,,,,,,,,,,
DN2,22.5,2048,,,,,,,,,,,,,,,,,,,,,,,,,
DN2,22.5,2044,,,,,,,,,,,,,,,,,,,,,,,,,
DN2,22.5,2036,,,,,,,,,,,,,,,,,,,,,,,,,
DN2,22.5,2040,,,,,,,,,,,,,,,,,,,,,,,,,
DN2,22.5,2040,,,,,,,,,,,,,,,,,,,,,,,,,
DN2,22.5,2040,,,,,,,,,,,,,,,,,,,,,,,,,
DN2,22.5,2040,,,,,,,,,,,,,,,,,,,,,,,,,
DN2,22.5,2040,,,,,,,,,,,,,,,,,,,,,,,,,
DN2,22.5,2040,,,,,,,,,,,,,,,,,,,,,,,,,
DN2,22.5,2040,,,,,,,,,,,,,,,,,,,,,,,,,
DN2,25,2032,,,,,,,,,,,,,,,,,,,,,,,,,
DN2,25,2044,,,,,,,,,,,,,,,,,,,,,,,,,
DN2,25,2040,,,,,,,,,,,,,,,,,,,,,,,,,
DN2,25,2040,,,,,,,,,,,,,,,,,,,,,,,,,
DN2,25,2040,,,,,,,,,,,,,,,,,,,,,,,,,
DN2,25,2040,,,,,,,,,,,,,,,,,,,,,,,,,
DN2,25,2036,,,,,,,,,,,,,,,,,,,,,,,,,
DN2,25,2040,,,,,,,,,,,,,,,,,,,,,,,,,
DN2,25,2040,,,,,,,,,,,,,,,,,,,,,,,,,
DN2,25,2036,,,,,,,,,,,,,,,,,,,,,,,,,
DN2,30,2096,,,,,,,,,,,,,,,,,,,,,,,,,
DN2,30,2092,,,,,,,,,,,,,,,,,,,,,,,,,
DN2,30,2092,,,,,,,,,,,,,,,,,,,,,,,,,
DN2,30,2088,,,,,,,,,,,,,,,,,,,,,,,,,
DN2,30,2092,,,,,,,,,,,,,,,,,,,,,,,,,
DN2,30,2092,,,,,,,,,,,,,,,,,,,,,,,,,
DN2,30,2088,,,,,,,,,,,,,,,,,,,,,,,,,
DN2,30,2092,,,,,,,,,,,,,,,,,,,,,,,,,
DN2,30,2092,,,,,,,,,,,,,,,,,,,,,,,,,
DN2,30,2092,,,,,,,,,,,,,,,,,,,,,,,,,
DN4,8.7,1076,,,,,,,,,,,,,,,,,,,,,,,,,
DN4,8.7,1032,,,,,,,,,,,,,,,,,,,,,,,,,
DN4,8.7,1072,,,,,,,,,,,,,,,,,,,,,,,,,
DN4,8.7,1076,,,,,,,,,,,,,,,,,,,,,,,,,
DN4,8.7,1076,,,,,,,,,,,,,,,,,,,,,,,,,
DN4,8.7,1032,,,,,,,,,,,,,,,,,,,,,,,,,
DN4,8.7,1080,,,,,,,,,,,,,,,,,,,,,,,,,
DN4,8.7,1072,,,,,,,,,,,,,,,,,,,,,,,,,
DN4,8.7,1072,,,,,,,,,,,,,,,,,,,,,,,,,
DN4,8.7,1028,,,,,,,,,,,,,,,,,,,,,,,,,
DN4,10.0,1376,,,,,,,,,,,,,,,,,,,,,,,,,
DN4,10.0,1384,,,,,,,,,,,,,,,,,,,,,,,,,
DN4,10.0,1380,,,,,,,,,,,,,,,,,,,,,,,,,
DN4,10.0,1384,,,,,,,,,,,,,,,,,,,,,,,,,
DN4,10.0,1380,,,,,,,,,,,,,,,,,,,,,,,,,
DN4,10.0,1384,,,,,,,,,,,,,,,,,,,,,,,,,
DN4,10.0,1384,,,,,,,,,,,,,,,,,,,,,,,,,
DN4,10.0,1384,,,,,,,,,,,,,,,,,,,,,,,,,
DN4,10.0,1388,,,,,,,,,,,,,,,,,,,,,,,,,
DN4,10.0,1388,,,,,,,,,,,,,,,,,,,,,,,,,
DN4,11,1600,,,,,,,,,,,,,,,,,,,,,,,,,
DN4,11,1604,,,,,,,,,,,,,,,,,,,,,,,,,
DN4,11,1604,,,,,,,,,,,,,,,,,,,,,,,,,
DN4,11,1604,,,,,,,,,,,,,,,,,,,,,,,,,
DN4,11,1652,,,,,,,,,,,,,,,,,,,,,,,,,
DN4,11,1652,,,,,,,,,,,,,,,,,,,,,,,,,
DN4,11,1604,,,,,,,,,,,,,,,,,,,,,,,,,
DN4,11,1644,,,,,,,,,,,,,,,,,,,,,,,,,
DN4,11,1644,,,,,,,,,,,,,,,,,,,,,,,,,
DN4,11,1600,,,,,,,,,,,,,,,,,,,,,,,,,
DN4,12,1820,,,,,,,,,,,,,,,,,,,,,,,,,
DN4,12,1820,,,,,,,,,,,,,,,,,,,,,,,,,
DN4,12,1820,,,,,,,,,,,,,,,,,,,,,,,,,
DN4,12,1824,,,,,,,,,,,,,,,,,,,,,,,,,
DN4,12,1820,,,,,,,,,,,,,,,,,,,,,,,,,
DN4,12,1824,,,,,,,,,,,,,,,,,,,,,,,,,
DN4,12,1824,,,,,,,,,,,,,,,,,,,,,,,,,
DN4,12,1824,,,,,,,,,,,,,,,,,,,,,,,,,
DN4,12,1820,,,,,,,,,,,,,,,,,,,,,,,,,
DN4,12,1820,,,,,,,,,,,,,,,,,,,,,,,,,
DN4,13,1912,,,,,,,,,,,,,,,,,,,,,,,,,
DN4,13,1920,,,,,,,,,,,,,,,,,,,,,,,,,
DN4,13,1916,,,,,,,,,,,,,,,,,,,,,,,,,
DN4,13,1916,,,,,,,,,,,,,,,,,,,,,,,,,
DN4,13,1920,,,,,,,,,,,,,,,,,,,,,,,,,
DN4,13,1912,,,,,,,,,,,,,,,,,,,,,,,,,
DN4,13,1960,,,,,,,,,,,,,,,,,,,,,,,,,
DN4,13,1960,,,,,,,,,,,,,,,,,,,,,,,,,
DN4,13,1908,,,,,,,,,,,,,,,,,,,,,,,,,
DN4,13,1920,,,,,,,,,,,,,,,,,,,,,,,,,
DN4,14,2004,,,,,,,,,,,,,,,,,,,,,,,,,
DN4,14,2004,,,,,,,,,,,,,,,,,,,,,,,,,
DN4,14,2004,,,,,,,,,,,,,,,,,,,,,,,,,
DN4,14,2004,,,,,,,,,,,,,,,,,,,,,,,,,
DN4,14,2000,,,,,,,,,,,,,,,,,,,,,,,,,
DN4,14,2004,,,,,,,,,,,,,,,,,,,,,,,,,
DN4,14,2060,,,,,,,,,,,,,,,,,,,,,,,,,
DN4,14,2008,,,,,,,,,,,,,,,,,,,,,,,,,
DN4,14,2000,,,,,,,,,,,,,,,,,,,,,,,,,
DN4,14,2008,,,,,,,,,,,,,,,,,,,,,,,,,
DN4,15,2100,,,,,,,,,,,,,,,,,,,,,,,,,
DN4,15,2104,,,,,,,,,,,,,,,,,,,,,,,,,
DN4,15,2104,,,,,,,,,,,,,,,,,,,,,,,,,
DN4,15,2100,,,,,,,,,,,,,,,,,,,,,,,,,
DN4,15,2108,,,,,,,,,,,,,,,,,,,,,,,,,
DN4,15,2100,,,,,,,,,,,,,,,,,,,,,,,,,
DN4,15,2104,,,,,,,,,,,,,,,,,,,,,,,,,
DN4,15,2104,,,,,,,,,,,,,,,,,,,,,,,,,
DN4,15,2100,,,,,,,,,,,,,,,,,,,,,,,,,
DN4,15,2104,,,,,,,,,,,,,,,,,,,,,,,,,
DN4,16,2108,,,,,,,,,,,,,,,,,,,,,,,,,
DN4,16,2100,,,,,,,,,,,,,,,,,,,,,,,,,
DN4,16,2100,,,,,,,,,,,,,,,,,,,,,,,,,
DN4,16,2100,,,,,,,,,,,,,,,,,,,,,,,,,
DN4,16,2104,,,,,,,,,,,,,,,,,,,,,,,,,
DN4,16,2100,,,,,,,,,,,,,,,,,,,,,,,,,
DN4,16,2100,,,,,,,,,,,,,,,,,,,,,,,,,
DN4,16,2104,,,,,,,,,,,,,,,,,,,,,,,,,
DN4,16,2100,,,,,,,,,,,,,,,,,,,,,,,,,
DN4,16,2104,,,,,,,,,,,,,,,,,,,,,,,,,
DN4,17,2148,,,,,,,,,,,,,,,,,,,,,,,,,
DN4,17,2148,,,,,,,,,,,,,,,,,,,,,,,,,
DN4,17,2148,,,,,,,,,,,,,,,,,,,,,,,,,
DN4,17,2144,,,,,,,,,,,,,,,,,,,,,,,,,
DN4,17,2144,,,,,,,,,,,,,,,,,,,,,,,,,
DN4,17,2152,,,,,,,,,,,,,,,,,,,,,,,,,
DN4,17,2148,,,,,,,,,,,,,,,,,,,,,,,,,
DN4,17,2148,,,,,,,,,,,,,,,,,,,,,,,,,
DN4,17,2148,,,,,,,,,,,,,,,,,,,,,,,,,
DN4,17,2148,,,,,,,,,,,,,,,,,,,,,,,,,
DN4,18,2148,,,,,,,,,,,,,,,,,,,,,,,,,
DN4,18,2148,,,,,,,,,,,,,,,,,,,,,,,,,
DN4,18,2144,,,,,,,,,,,,,,,,,,,,,,,,,
DN4,18,2152,,,,,,,,,,,,,,,,,,,,,,,,,
DN4,18,2144,,,,,,,,,,,,,,,,,,,,,,,,,
DN4,18,2148,,,,,,,,,,,,,,,,,,,,,,,,,
DN4,18,2148,,,,,,,,,,,,,,,,,,,,,,,,,
DN4,18,2144,,,,,,,,,,,,,,,,,,,,,,,,,
DN4,18,2144,,,,,,,,,,,,,,,,,,,,,,,,,
DN4,18,2144,,,,,,,,,,,,,,,,,,,,,,,,,
DN4,19,2152,,,,,,,,,,,,,,,,,,,,,,,,,
DN4,19,2144,,,,,,,,,,,,,,,,,,,,,,,,,
DN4,19,2144,,,,,,,,,,,,,,,,,,,,,,,,,
DN4,19,2148,,,,,,,,,,,,,,,,,,,,,,,,,
DN4,19,2144,,,,,,,,,,,,,,,,,,,,,,,,,
DN4,19,2144,,,,,,,,,,,,,,,,,,,,,,,,,
DN4,19,2144,,,,,,,,,,,,,,,,,,,,,,,,,
DN4,19,2148,,,,,,,,,,,,,,,,,,,,,,,,,
DN4,19,2144,,,,,,,,,,,,,,,,,,,,,,,,,
DN4,19,2152,,,,,,,,,,,,,,,,,,,,,,,,,
DN4,20,2188,,,,,,,,,,,,,,,,,,,,,,,,,
DN4,20,2192,,,,,,,,,,,,,,,,,,,,,,,,,
DN4,20,2192,,,,,,,,,,,,,,,,,,,,,,,,,
DN4,20,2192,,,,,,,,,,,,,,,,,,,,,,,,,
DN4,20,2192,,,,,,,,,,,,,,,,,,,,,,,,,
DN4,20,2196,,,,,,,,,,,,,,,,,,,,,,,,,
DN4,20,2188,,,,,,,,,,,,,,,,,,,,,,,,,
DN4,20,2192,,,,,,,,,,,,,,,,,,,,,,,,,
DN4,20,2192,,,,,,,,,,,,,,,,,,,,,,,,,
DN4,20,2192,,,,,,,,,,,,,,,,,,,,,,,,,
DN4,22.5,2196,,,,,,,,,,,,,,,,,,,,,,,,,
DN4,22.5,2196,,,,,,,,,,,,,,,,,,,,,,,,,
DN4,22.5,2188,,,,,,,,,,,,,,,,,,,,,,,,,
DN4,22.5,2192,,,,,,,,,,,,,,,,,,,,,,,,,
DN4,22.5,2192,,,,,,,,,,,,,,,,,,,,,,,,,
DN4,22.5,2192,,,,,,,,,,,,,,,,,,,,,,,,,
DN4,22.5,2192,,,,,,,,,,,,,,,,,,,,,,,,,
DN4,22.5,2192,,,,,,,,,,,,,,,,,,,,,,,,,
DN4,22.5,2188,,,,,,,,,,,,,,,,,,,,,,,,,
DN4,22.5,2188,,,,,,,,,,,,,,,,,,,,,,,,,
DN4,25,2184,,,,,,,,,,,,,,,,,,,,,,,,,
DN4,25,2192,,,,,,,,,,,,,,,,,,,,,,,,,
DN4,25,2188,,,,,,,,,,,,,,,,,,,,,,,,,
DN4,25,2192,,,,,,,,,,,,,,,,,,,,,,,,,
DN4,25,2192,,,,,,,,,,,,,,,,,,,,,,,,,
DN4,25,2196,,,,,,,,,,,,,,,,,,,,,,,,,
DN4,25,2188,,,,,,,,,,,,,,,,,,,,,,,,,
DN4,25,2192,,,,,,,,,,,,,,,,,,,,,,,,,
DN4,25,2192,,,,,,,,,,,,,,,,,,,,,,,,,
DN4,25,2188,,,,,,,,,,,,,,,,,,,,,,,,,
DN4,30,2196,,,,,,,,,,,,,,,,,,,,,,,,,
DN4,30,2236,,,,,,,,,,,,,,,,,,,,,,,,,
DN4,30,2236,,,,,,,,,,,,,,,,,,,,,,,,,
DN4,30,2232,,,,,,,,,,,,,,,,,,,,,,,,,
DN4,30,2236,,,,,,,,,,,,,,,,,,,,,,,,,
DN4,30,2236,,,,,,,,,,,,,,,,,,,,,,,,,
DN4,30,2232,,,,,,,,,,,,,,,,,,,,,,,,,
DN4,30,2188,,,,,,,,,,,,,,,,,,,,,,,,,
DN4,30,2192,,,,,,,,,,,,,,,,,,,,,,,,,
DN4,30,2240,,,,,,,,,,,,,,,,,,,,,,,,,
BL,8.7,96,,,,,,,,,,,,,,,,,,,,,,,,,
BL,8.7,96,,,,,,,,,,,,,,,,,,,,,,,,,
BL,8.7,96,,,,,,,,,,,,,,,,,,,,,,,,,
BL,8.7,96,,,,,,,,,,,,,,,,,,,,,,,,,
BL,8.7,140,,,,,,,,,,,,,,,,,,,,,,,,,
BL,8.7,96,,,,,,,,,,,,,,,,,,,,,,,,,
BL,8.7,96,,,,,,,,,,,,,,,,,,,,,,,,,
BL,8.7,92,,,,,,,,,,,,,,,,,,,,,,,,,
BL,8.7,92,,,,,,,,,,,,,,,,,,,,,,,,,
BL,8.7,96,,,,,,,,,,,,,,,,,,,,,,,,,
BL,10.0,228,,,,,,,,,,,,,,,,,,,,,,,,,
BL,10.0,232,,,,,,,,,,,,,,,,,,,,,,,,,
BL,10.0,232,,,,,,,,,,,,,,,,,,,,,,,,,
BL,10.0,228,,,,,,,,,,,,,,,,,,,,,,,,,
BL,10.0,228,,,,,,,,,,,,,,,,,,,,,,,,,
BL,10.0,224,,,,,,,,,,,,,,,,,,,,,,,,,
BL,10.0,228,,,,,,,,,,,,,,,,,,,,,,,,,
BL,10.0,224,,,,,,,,,,,,,,,,,,,,,,,,,
BL,10.0,228,,,,,,,,,,,,,,,,,,,,,,,,,
BL,10.0,224,,,,,,,,,,,,,,,,,,,,,,,,,
BL,11,272,,,,,,,,,,,,,,,,,,,,,,,,,
BL,11,272,,,,,,,,,,,,,,,,,,,,,,,,,
BL,11,272,,,,,,,,,,,,,,,,,,,,,,,,,
BL,11,272,,,,,,,,,,,,,,,,,,,,,,,,,
BL,11,272,,,,,,,,,,,,,,,,,,,,,,,,,
BL,11,272,,,,,,,,,,,,,,,,,,,,,,,,,
BL,11,272,,,,,,,,,,,,,,,,,,,,,,,,,
BL,11,272,,,,,,,,,,,,,,,,,,,,,,,,,
BL,11,272,,,,,,,,,,,,,,,,,,,,,,,,,
BL,11,276,,,,,,,,,,,,,,,,,,,,,,,,,
BL,12,324,,,,,,,,,,,,,,,,,,,,,,,,,
BL,12,328,,,,,,,,,,,,,,,,,,,,,,,,,
BL,12,324,,,,,,,,,,,,,,,,,,,,,,,,,
BL,12,324,,,,,,,,,,,,,,,,,,,,,,,,,
BL,12,328,,,,,,,,,,,,,,,,,,,,,,,,,
BL,12,324,,,,,,,,,,,,,,,,,,,,,,,,,
BL,12,324,,,,,,,,,,,,,,,,,,,,,,,,,
BL,12,324,,,,,,,,,,,,,,,,,,,,,,,,,
BL,12,332,,,,,,,,,,,,,,,,,,,,,,,,,
BL,12,332,,,,,,,,,,,,,,,,,,,,,,,,,
BL,13,324,,,,,,,,,,,,,,,,,,,,,,,,,
BL,13,324,,,,,,,,,,,,,,,,,,,,,,,,,
BL,13,320,,,,,,,,,,,,,,,,,,,,,,,,,
BL,13,324,,,,,,,,,,,,,,,,,,,,,,,,,
BL,13,316,,,,,,,,,,,,,,,,,,,,,,,,,
BL,13,316,,,,,,,,,,,,,,,,,,,,,,,,,
BL,13,316,,,,,,,,,,,,,,,,,,,,,,,,,
BL,13,312,,,,,,,,,,,,,,,,,,,,,,,,,
BL,13,316,,,,,,,,,,,,,,,,,,,,,,,,,
BL,13,320,,,,,,,,,,,,,,,,,,,,,,,,,
BL,14,320,,,,,,,,,,,,,,,,,,,,,,,,,
BL,14,320,,,,,,,,,,,,,,,,,,,,,,,,,
BL,14,320,,,,,,,,,,,,,,,,,,,,,,,,,
BL,14,324,,,,,,,,,,,,,,,,,,,,,,,,,
BL,14,320,,,,,,,,,,,,,,,,,,,,,,,,,
BL,14,324,,,,,,,,,,,,,,,,,,,,,,,,,
BL,14,372,,,,,,,,,,,,,,,,,,,,,,,,,
BL,14,372,,,,,,,,,,,,,,,,,,,,,,,,,
BL,14,368,,,,,,,,,,,,,,,,,,,,,,,,,
BL,14,372,,,,,,,,,,,,,,,,,,,,,,,,,
BL,15,372,,,,,,,,,,,,,,,,,,,,,,,,,
BL,15,372,,,,,,,,,,,,,,,,,,,,,,,,,
BL,15,372,,,,,,,,,,,,,,,,,,,,,,,,,
BL,15,372,,,,,,,,,,,,,,,,,,,,,,,,,
BL,15,372,,,,,,,,,,,,,,,,,,,,,,,,,
BL,15,372,,,,,,,,,,,,,,,,,,,,,,,,,
BL,15,376,,,,,,,,,,,,,,,,,,,,,,,,,
BL,15,376,,,,,,,,,,,,,,,,,,,,,,,,,
BL,15,376,,,,,,,,,,,,,,,,,,,,,,,,,
BL,15,376,,,,,,,,,,,,,,,,,,,,,,,,,
BL,16,380,,,,,,,,,,,,,,,,,,,,,,,,,
BL,16,372,,,,,,,,,,,,,,,,,,,,,,,,,
BL,16,376,,,,,,,,,,,,,,,,,,,,,,,,,
BL,16,376,,,,,,,,,,,,,,,,,,,,,,,,,
BL,16,372,,,,,,,,,,,,,,,,,,,,,,,,,
BL,16,372,,,,,,,,,,,,,,,,,,,,,,,,,
BL,16,372,,,,,,,,,,,,,,,,,,,,,,,,,
BL,16,372,,,,,,,,,,,,,,,,,,,,,,,,,
BL,16,372,,,,,,,,,,,,,,,,,,,,,,,,,
BL,16,368,,,,,,,,,,,,,,,,,,,,,,,,,
BL,17,376,,,,,,,,,,,,,,,,,,,,,,,,,
BL,17,372,,,,,,,,,,,,,,,,,,,,,,,,,
BL,17,364,,,,,,,,,,,,,,,,,,,,,,,,,
BL,17,360,,,,,,,,,,,,,,,,,,,,,,,,,
BL,17,364,,,,,,,,,,,,,,,,,,,,,,,,,
BL,17,364,,,,,,,,,,,,,,,,,,,,,,,,,
BL,17,364,,,,,,,,,,,,,,,,,,,,,,,,,
BL,17,364,,,,,,,,,,,,,,,,,,,,,,,,,
BL,17,360,,,,,,,,,,,,,,,,,,,,,,,,,
BL,17,364,,,,,,,,,,,,,,,,,,,,,,,,,
BL,18,376,,,,,,,,,,,,,,,,,,,,,,,,,
BL,18,376,,,,,,,,,,,,,,,,,,,,,,,,,
BL,18,376,,,,,,,,,,,,,,,,,,,,,,,,,
BL,18,376,,,,,,,,,,,,,,,,,,,,,,,,,
BL,18,376,,,,,,,,,,,,,,,,,,,,,,,,,
BL,18,364,,,,,,,,,,,,,,,,,,,,,,,,,
BL,18,364,,,,,,,,,,,,,,,,,,,,,,,,,
BL,18,364,,,,,,,,,,,,,,,,,,,,,,,,,
BL,18,364,,,,,,,,,,,,,,,,,,,,,,,,,
BL,18,364,,,,,,,,,,,,,,,,,,,,,,,,,
BL,19,364,,,,,,,,,,,,,,,,,,,,,,,,,
BL,19,364,,,,,,,,,,,,,,,,,,,,,,,,,
BL,19,364,,,,,,,,,,,,,,,,,,,,,,,,,
BL,19,364,,,,,,,,,,,,,,,,,,,,,,,,,
BL,19,364,,,,,,,,,,,,,,,,,,,,,,,,,
BL,19,364,,,,,,,,,,,,,,,,,,,,,,,,,
BL,19,364,,,,,,,,,,,,,,,,,,,,,,,,,
BL,19,364,,,,,,,,,,,,,,,,,,,,,,,,,
BL,19,364,,,,,,,,,,,,,,,,,,,,,,,,,
BL,19,364,,,,,,,,,,,,,,,,,,,,,,,,,
BL,20,364,,,,,,,,,,,,,,,,,,,,,,,,,
BL,20,368,,,,,,,,,,,,,,,,,,,,,,,,,
BL,20,364,,,,,,,,,,,,,,,,,,,,,,,,,
BL,20,368,,,,,,,,,,,,,,,,,,,,,,,,,
BL,20,368,,,,,,,,,,,,,,,,,,,,,,,,,
BL,20,364,,,,,,,,,,,,,,,,,,,,,,,,,
BL,20,368,,,,,,,,,,,,,,,,,,,,,,,,,
BL,20,360,,,,,,,,,,,,,,,,,,,,,,,,,
BL,20,364,,,,,,,,,,,,,,,,,,,,,,,,,
BL,20,360,,,,,,,,,,,,,,,,,,,,,,,,,
BL,22.5,368,,,,,,,,,,,,,,,,,,,,,,,,,
BL,22.5,368,,,,,,,,,,,,,,,,,,,,,,,,,
BL,22.5,368,,,,,,,,,,,,,,,,,,,,,,,,,
BL,22.5,372,,,,,,,,,,,,,,,,,,,,,,,,,
BL,22.5,360,,,,,,,,,,,,,,,,,,,,,,,,,
BL,22.5,364,,,,,,,,,,,,,,,,,,,,,,,,,
BL,22.5,364,,,,,,,,,,,,,,,,,,,,,,,,,
BL,22.5,364,,,,,,,,,,,,,,,,,,,,,,,,,
BL,22.5,364,,,,,,,,,,,,,,,,,,,,,,,,,
BL,22.5,364,,,,,,,,,,,,,,,,,,,,,,,,,
BL,25,368,,,,,,,,,,,,,,,,,,,,,,,,,
BL,25,364,,,,,,,,,,,,,,,,,,,,,,,,,
BL,25,364,,,,,,,,,,,,,,,,,,,,,,,,,
BL,25,364,,,,,,,,,,,,,,,,,,,,,,,,,
BL,25,360,,,,,,,,,,,,,,,,,,,,,,,,,
BL,25,364,,,,,,,,,,,,,,,,,,,,,,,,,
BL,25,364,,,,,,,,,,,,,,,,,,,,,,,,,
BL,25,364,,,,,,,,,,,,,,,,,,,,,,,,,
BL,25,364,,,,,,,,,,,,,,,,,,,,,,,,,
BL,25,372,,,,,,,,,,,,,,,,,,,,,,,,,
BL,30,364,,,,,,,,,,,,,,,,,,,,,,,,,
BL,30,364,,,,,,,,,,,,,,,,,,,,,,,,,
BL,30,368,,,,,,,,,,,,,,,,,,,,,,,,,
BL,30,368,,,,,,,,,,,,,,,,,,,,,,,,,
BL,30,372,,,,,,,,,,,,,,,,,,,,,,,,,
BL,30,364,,,,,,,,,,,,,,,,,,,,,,,,,
BL,30,364,,,,,,,,,,,,,,,,,,,,,,,,,
BL,30,364,,,,,,,,,,,,,,,,,,,,,,,,,
BL,30,364,,,,,,,,,,,,,,,,,,,,,,,,,
BL,30,364,,,,,,,,,,,,,,,,,,,,,,,,,
BR,8.7,96,,,,,,,,,,,,,,,,,,,,,,,,,
BR,8.7,96,,,,,,,,,,,,,,,,,,,,,,,,,
BR,8.7,96,,,,,,,,,,,,,,,,,,,,,,,,,
BR,8.7,96,,,,,,,,,,,,,,,,,,,,,,,,,
BR,8.7,88,,,,,,,,,,,,,,,,,,,,,,,,,
BR,8.7,96,,,,,,,,,,,,,,,,,,,,,,,,,
BR,8.7,96,,,,,,,,,,,,,,,,,,,,,,,,,
BR,8.7,92,,,,,,,,,,,,,,,,,,,,,,,,,
BR,8.7,92,,,,,,,,,,,,,,,,,,,,,,,,,
BR,8.7,96,,,,,,,,,,,,,,,,,,,,,,,,,
BR,10.0,228,,,,,,,,,,,,,,,,,,,,,,,,,
BR,10.0,232,,,,,,,,,,,,,,,,,,,,,,,,,
BR,10.0,232,,,,,,,,,,,,,,,,,,,,,,,,,
BR,10.0,228,,,,,,,,,,,,,,,,,,,,,,,,,
BR,10.0,228,,,,,,,,,,,,,,,,,,,,,,,,,
BR,10.0,224,,,,,,,,,,,,,,,,,,,,,,,,,
BR,10.0,228,,,,,,,,,,,,,,,,,,,,,,,,,
BR,10.0,224,,,,,,,,,,,,,,,,,,,,,,,,,
BR,10.0,228,,,,,,,,,,,,,,,,,,,,,,,,,
BR,10.0,224,,,,,,,,,,,,,,,,,,,,,,,,,
BR,11,272,,,,,,,,,,,,,,,,,,,,,,,,,
BR,11,272,,,,,,,,,,,,,,,,,,,,,,,,,
BR,11,272,,,,,,,,,,,,,,,,,,,,,,,,,
BR,11,272,,,,,,,,,,,,,,,,,,,,,,,,,
BR,11,272,,,,,,,,,,,,,,,,,,,,,,,,,
BR,11,272,,,,,,,,,,,,,,,,,,,,,,,,,
BR,11,272,,,,,,,,,,,,,,,,,,,,,,,,,
BR,11,272,,,,,,,,,,,,,,,,,,,,,,,,,
BR,11,272,,,,,,,,,,,,,,,,,,,,,,,,,
BR,11,276,,,,,,,,,,,,,,,,,,,,,,,,,
BR,12,272,,,,,,,,,,,,,,,,,,,,,,,,,
BR,12,272,,,,,,,,,,,,,,,,,,,,,,,,,
BR,12,268,,,,,,,,,,,,,,,,,,,,,,,,,
BR,12,272,,,,,,,,,,,,,,,,,,,,,,,,,
BR,12,272,,,,,,,,,,,,,,,,,,,,,,,,,
BR,12,268,,,,,,,,,,,,,,,,,,,,,,,,,
BR,12,272,,,,,,,,,,,,,,,,,,,,,,,,,
BR,12,272,,,,,,,,,,,,,,,,,,,,,,,,,
BR,12,276,,,,,,,,,,,,,,,,,,,,,,,,,
BR,12,280,,,,,,,,,,,,,,,,,,,,,,,,,
BR,13,324,,,,,,,,,,,,,,,,,,,,,,,,,
BR,13,324,,,,,,,,,,,,,,,,,,,,,,,,,
BR,13,320,,,,,,,,,,,,,,,,,,,,,,,,,
BR,13,324,,,,,,,,,,,,,,,,,,,,,,,,,
BR,13,316,,,,,,,,,,,,,,,,,,,,,,,,,
BR,13,316,,,,,,,,,,,,,,,,,,,,,,,,,
BR,13,316,,,,,,,,,,,,,,,,,,,,,,,,,
BR,13,312,,,,,,,,,,,,,,,,,,,,,,,,,
BR,13,316,,,,,,,,,,,,,,,,,,,,,,,,,
BR,13,320,,,,,,,,,,,,,,,,,,,,,,,,,
BR,14,320,,,,,,,,,,,,,,,,,,,,,,,,,
BR,14,320,,,,,,,,,,,,,,,,,,,,,,,,,
BR,14,320,,,,,,,,,,,,,,,,,,,,,,,,,
BR,14,324,,,,,,,,,,,,,,,,,,,,,,,,,
BR,14,320,,,,,,,,,,,,,,,,,,,,,,,,,
BR,14,324,,,,,,,,,,,,,,,,,,,,,,,,,
BR,14,320,,,,,,,,,,,,,,,,,,,,,,,,,
BR,14,320,,,,,,,,,,,,,,,,,,,,,,,,,
BR,14,312,,,,,,,,,,,,,,,,,,,,,,,,,
BR,14,320,,,,,,,,,,,,,,,,,,,,,,,,,
BR,15,316,,,,,,,,,,,,,,,,,,,,,,,,,
BR,15,316,,,,,,,,,,,,,,,,,,,,,,,,,
BR,15,316,,,,,,,,,,,,,,,,,,,,,,,,,
BR,15,316,,,,,,,,,,,,,,,,,,,,,,,,,
BR,15,316,,,,,,,,,,,,,,,,,,,,,,,,,
BR,15,316,,,,,,,,,,,,,,,,,,,,,,,,,
BR,15,324,,,,,,,,,,,,,,,,,,,,,,,,,
BR,15,324,,,,,,,,,,,,,,,,,,,,,,,,,
BR,15,320,,,,,,,,,,,,,,,,,,,,,,,,,
BR,15,324,,,,,,,,,,,,,,,,,,,,,,,,,
BR,16,324,,,,,,,,,,,,,,,,,,,,,,,,,
BR,16,320,,,,,,,,,,,,,,,,,,,,,,,,,
BR,16,324,,,,,,,,,,,,,,,,,,,,,,,,,
BR,16,324,,,,,,,,,,,,,,,,,,,,,,,,,
BR,16,316,,,,,,,,,,,,,,,,,,,,,,,,,
BR,16,316,,,,,,,,,,,,,,,,,,,,,,,,,
BR,16,316,,,,,,,,,,,,,,,,,,,,,,,,,
BR,16,316,,,,,,,,,,,,,,,,,,,,,,,,,
BR,16,316,,,,,,,,,,,,,,,,,,,,,,,,,
BR,16,312,,,,,,,,,,,,,,,,,,,,,,,,,
BR,17,324,,,,,,,,,,,,,,,,,,,,,,,,,
BR,17,320,,,,,,,,,,,,,,,,,,,,,,,,,
BR,17,364,,,,,,,,,,,,,,,,,,,,,,,,,
BR,17,360,,,,,,,,,,,,,,,,,,,,,,,,,
BR,17,364,,,,,,,,,,,,,,,,,,,,,,,,,
BR,17,364,,,,,,,,,,,,,,,,,,,,,,,,,
BR,17,364,,,,,,,,,,,,,,,,,,,,,,,,,
BR,17,364,,,,,,,,,,,,,,,,,,,,,,,,,
BR,17,360,,,,,,,,,,,,,,,,,,,,,,,,,
BR,17,364,,,,,,,,,,,,,,,,,,,,,,,,,
BR,18,324,,,,,,,,,,,,,,,,,,,,,,,,,
BR,18,324,,,,,,,,,,,,,,,,,,,,,,,,,
BR,18,324,,,,,,,,,,,,,,,,,,,,,,,,,
BR,18,324,,,,,,,,,,,,,,,,,,,,,,,,,
BR,18,324,,,,,,,,,,,,,,,,,,,,,,,,,
BR,18,364,,,,,,,,,,,,,,,,,,,,,,,,,
BR,18,364,,,,,,,,,,,,,,,,,,,,,,,,,
BR,18,364,,,,,,,,,,,,,,,,,,,,,,,,,
BR,18,364,,,,,,,,,,,,,,,,,,,,,,,,,
BR,18,364,,,,,,,,,,,,,,,,,,,,,,,,,
BR,19,364,,,,,,,,,,,,,,,,,,,,,,,,,
BR,19,364,,,,,,,,,,,,,,,,,,,,,,,,,
BR,19,364,,,,,,,,,,,,,,,,,,,,,,,,,
BR,19,364,,,,,,,,,,,,,,,,,,,,,,,,,
BR,19,364,,,,,,,,,,,,,,,,,,,,,,,,,
BR,19,364,,,,,,,,,,,,,,,,,,,,,,,,,
BR,19,364,,,,,,,,,,,,,,,,,,,,,,,,,
BR,19,364,,,,,,,,,,,,,,,,,,,,,,,,,
BR,19,364,,,,,,,,,,,,,,,,,,,,,,,,,
BR,19,364,,,,,,,,,,,,,,,,,,,,,,,,,
BR,20,364,,,,,,,,,,,,,,,,,,,,,,,,,
BR,20,368,,,,,,,,,,,,,,,,,,,,,,,,,
BR,20,364,,,,,,,,,,,,,,,,,,,,,,,,,
BR,20,368,,,,,,,,,,,,,,,,,,,,,,,,,
BR,20,368,,,,,,,,,,,,,,,,,,,,,,,,,
BR,20,364,,,,,,,,,,,,,,,,,,,,,,,,,
BR,20,368,,,,,,,,,,,,,,,,,,,,,,,,,
BR,20,360,,,,,,,,,,,,,,,,,,,,,,,,,
BR,20,364,,,,,,,,,,,,,,,,,,,,,,,,,
BR,20,360,,,,,,,,,,,,,,,,,,,,,,,,,
BR,22.5,368,,,,,,,,,,,,,,,,,,,,,,,,,
BR,22.5,368,,,,,,,,,,,,,,,,,,,,,,,,,
BR,22.5,368,,,,,,,,,,,,,,,,,,,,,,,,,
BR,22.5,372,,,,,,,,,,,,,,,,,,,,,,,,,
BR,22.5,360,,,,,,,,,,,,,,,,,,,,,,,,,
BR,22.5,364,,,,,,,,,,,,,,,,,,,,,,,,,
BR,22.5,364,,,,,,,,,,,,,,,,,,,,,,,,,
BR,22.5,364,,,,,,,,,,,,,,,,,,,,,,,,,
BR,22.5,364,,,,,,,,,,,,,,,,,,,,,,,,,
BR,22.5,364,,,,,,,,,,,,,,,,,,,,,,,,,
BR,25,368,,,,,,,,,,,,,,,,,,,,,,,,,
BR,25,364,,,,,,,,,,,,,,,,,,,,,,,,,
BR,25,364,,,,,,,,,,,,,,,,,,,,,,,,,
BR,25,364,,,,,,,,,,,,,,,,,,,,,,,,,
BR,25,360,,,,,,,,,,,,,,,,,,,,,,,,,
BR,25,364,,,,,,,,,,,,,,,,,,,,,,,,,
BR,25,364,,,,,,,,,,,,,,,,,,,,,,,,,
BR,25,364,,,,,,,,,,,,,,,,,,,,,,,,,
BR,25,364,,,,,,,,,,,,,,,,,,,,,,,,,
BR,25,372,,,,,,,,,,,,,,,,,,,,,,,,,
BR,30,364,,,,,,,,,,,,,,,,,,,,,,,,,
BR,30,364,,,,,,,,,,,,,,,,,,,,,,,,,
BR,30,368,,,,,,,,,,,,,,,,,,,,,,,,,
BR,30,368,,,,,,,,,,,,,,,,,,,,,,,,,
BR,30,372,,,,,,,,,,,,,,,,,,,,,,,,,
BR,30,364,,,,,,,,,,,,,,,,,,,,,,,,,
BR,30,364,,,,,,,,,,,,,,,,,,,,,,,,,
BR,30,364,,,,,,,,,,,,,,,,,,,,,,,,,
BR,30,364,,,,,,,,,,,,,,,,,,,,,,,,,
BR,30,364,,,,,,,,,,,,,,,,,,,,,,,,,
,,,,,,,,,,,,,,,,,,,,,,,,,,,
